docname,topic,proportion
airplayyk1-a5WzV9FF-20181128.mp3.txt,3,0.905355
airplayyk1-a5WzV9FF-20181128.mp3.txt,0,0.048802
airplayyk1-a5WzV9FF-20181128.mp3.txt,2,0.036338
airplayyk1-a5WzV9FF-20181128.mp3.txt,5,0.009505
calgwildrose-LKhl7t9B-20181115.mp3.txt,1,1.0
ottallinaday-5WH8ksC7-20181213.mp3.txt,1,0.996841
ottallinaday-5WH8ksC7-20181213.mp3.txt,0,0.003159
ottallinaday-lpjilwee-20190122.mp3.txt,3,0.502283
ottallinaday-lpjilwee-20190122.mp3.txt,4,0.235166
ottallinaday-lpjilwee-20190122.mp3.txt,5,0.146233
ottallinaday-lpjilwee-20190122.mp3.txt,1,0.116318
ottallinaday-8FDah5MT-20181207.mp3.txt,0,0.666427
ottallinaday-8FDah5MT-20181207.mp3.txt,1,0.308878
ottallinaday-8FDah5MT-20181207.mp3.txt,4,0.022719
ottallinaday-8FDah5MT-20181207.mp3.txt,2,0.001975
calgwildrose-9w0fs461-20181113.mp3.txt,0,0.926409
calgwildrose-9w0fs461-20181113.mp3.txt,2,0.038173
calgwildrose-9w0fs461-20181113.mp3.txt,1,0.019701
calgwildrose-9w0fs461-20181113.mp3.txt,3,0.015717
2050_20170608_49800.mp3.txt,0,0.860867
2050_20170608_49800.mp3.txt,2,0.070564
2050_20170608_49800.mp3.txt,3,0.059453
2050_20170608_49800.mp3.txt,5,0.009115
airplayyk1-SArX1n8D-20190117.mp3.txt,3,0.928183
airplayyk1-SArX1n8D-20190117.mp3.txt,0,0.057419
airplayyk1-SArX1n8D-20190117.mp3.txt,5,0.014399
calgwildrose-2JLGkCQt-20190104.mp3.txt,0,0.820444
calgwildrose-2JLGkCQt-20190104.mp3.txt,3,0.108823
calgwildrose-2JLGkCQt-20190104.mp3.txt,2,0.070733
ottallinaday-cIGiH3AL-20190123.mp3.txt,3,0.630332
ottallinaday-cIGiH3AL-20190123.mp3.txt,4,0.355883
ottallinaday-cIGiH3AL-20190123.mp3.txt,2,0.013785
airplayyk1-DVtasZGW-20181102.mp3.txt,3,0.899826
airplayyk1-DVtasZGW-20181102.mp3.txt,6,0.041034
airplayyk1-DVtasZGW-20181102.mp3.txt,0,0.039658
airplayyk1-DVtasZGW-20181102.mp3.txt,1,0.019482
calgwildrose-19T7Y6Ud-20190130.mp3.txt,0,0.478185
calgwildrose-19T7Y6Ud-20190130.mp3.txt,2,0.307409
calgwildrose-19T7Y6Ud-20190130.mp3.txt,3,0.208476
calgwildrose-19T7Y6Ud-20190130.mp3.txt,5,0.005929
airplayyk1-pBHS6ZhU-20181204.mp3.txt,3,0.90367
airplayyk1-pBHS6ZhU-20181204.mp3.txt,5,0.067113
airplayyk1-pBHS6ZhU-20181204.mp3.txt,0,0.026438
airplayyk1-pBHS6ZhU-20181204.mp3.txt,2,0.002779
calgwildrose-uFfERIvQ-20181205.mp3.txt,2,0.595419
calgwildrose-uFfERIvQ-20181205.mp3.txt,0,0.239685
calgwildrose-uFfERIvQ-20181205.mp3.txt,5,0.155793
calgwildrose-uFfERIvQ-20181205.mp3.txt,1,0.009103
airplayyk1-E5vcgz72-20181012.mp3.txt,3,0.807588
airplayyk1-E5vcgz72-20181012.mp3.txt,0,0.170813
airplayyk1-E5vcgz72-20181012.mp3.txt,2,0.021599
2050_20170601_85504.mp3.txt,2,0.951058
2050_20170601_85504.mp3.txt,0,0.048942
airplayyk1-NllmW08x-20181115.mp3.txt,3,0.956748
airplayyk1-NllmW08x-20181115.mp3.txt,0,0.039844
airplayyk1-NllmW08x-20181115.mp3.txt,2,0.003408
ottallinaday-95mCuXlh-20190124.mp3.txt,4,0.84942
ottallinaday-95mCuXlh-20190124.mp3.txt,0,0.093584
ottallinaday-95mCuXlh-20190124.mp3.txt,5,0.056996
calgwildrose-3tORHPra-20181220.mp3.txt,0,0.851735
calgwildrose-3tORHPra-20181220.mp3.txt,6,0.068193
calgwildrose-3tORHPra-20181220.mp3.txt,2,0.059581
calgwildrose-3tORHPra-20181220.mp3.txt,1,0.020491
airplayyk1-myJmPcgZ-20181025.mp3.txt,4,0.827308
airplayyk1-myJmPcgZ-20181025.mp3.txt,3,0.118451
airplayyk1-myJmPcgZ-20181025.mp3.txt,5,0.029852
airplayyk1-myJmPcgZ-20181025.mp3.txt,0,0.024389
calgwildrose-l1OMxDUL-20190121.mp3.txt,0,0.954834
calgwildrose-l1OMxDUL-20190121.mp3.txt,1,0.031529
calgwildrose-l1OMxDUL-20190121.mp3.txt,3,0.013637
calgwildrose-JwJKsgIL-20181206.mp3.txt,0,0.858732
calgwildrose-JwJKsgIL-20181206.mp3.txt,2,0.12943
calgwildrose-JwJKsgIL-20181206.mp3.txt,3,0.011838
calgwildrose-FGYbhFKJ-20181130.mp3.txt,2,0.753982
calgwildrose-FGYbhFKJ-20181130.mp3.txt,0,0.22844
calgwildrose-FGYbhFKJ-20181130.mp3.txt,3,0.017578
calgwildrose-dRPYCH11-20190115.mp3.txt,0,0.976117
calgwildrose-dRPYCH11-20190115.mp3.txt,2,0.01516
calgwildrose-dRPYCH11-20190115.mp3.txt,3,0.006706
calgwildrose-dRPYCH11-20190115.mp3.txt,1,0.002017
ottallinaday-rSlh66kc-20190125.mp3.txt,5,0.756797
ottallinaday-rSlh66kc-20190125.mp3.txt,0,0.10357
ottallinaday-rSlh66kc-20190125.mp3.txt,4,0.089041
ottallinaday-rSlh66kc-20190125.mp3.txt,3,0.050591
airplayyk1-Gp7vMB2D-20180919.mp3.txt,3,0.896143
airplayyk1-Gp7vMB2D-20180919.mp3.txt,4,0.081756
airplayyk1-Gp7vMB2D-20180919.mp3.txt,2,0.015191
airplayyk1-Gp7vMB2D-20180919.mp3.txt,0,0.006911
airplayyk1-81vD8znp-20181204.mp3.txt,3,0.92168
airplayyk1-81vD8znp-20181204.mp3.txt,0,0.058255
airplayyk1-81vD8znp-20181204.mp3.txt,5,0.010855
airplayyk1-81vD8znp-20181204.mp3.txt,2,0.00921
calgwildrose-8NXQ5aVp-20181109.mp3.txt,0,0.569675
calgwildrose-8NXQ5aVp-20181109.mp3.txt,2,0.192658
calgwildrose-8NXQ5aVp-20181109.mp3.txt,6,0.111061
calgwildrose-8NXQ5aVp-20181109.mp3.txt,5,0.065581
calgwildrose-8NXQ5aVp-20181109.mp3.txt,3,0.061025
airplayyk1-5hO1p1fy-20181002.mp3.txt,2,0.826446
airplayyk1-5hO1p1fy-20181002.mp3.txt,3,0.117416
airplayyk1-5hO1p1fy-20181002.mp3.txt,5,0.056138
calgwildrose-Bu6Lv3L7-20181122.mp3.txt,0,0.963172
calgwildrose-Bu6Lv3L7-20181122.mp3.txt,1,0.023236
calgwildrose-Bu6Lv3L7-20181122.mp3.txt,3,0.013591
calgwildrose-jTF7GPQ3-20181227.mp3.txt,2,0.79513
calgwildrose-jTF7GPQ3-20181227.mp3.txt,0,0.132349
calgwildrose-jTF7GPQ3-20181227.mp3.txt,5,0.072521
calgwildrose-Gum4d3Zw-20181218.mp3.txt,0,0.532158
calgwildrose-Gum4d3Zw-20181218.mp3.txt,2,0.467842
airplayyk1-ZOq5ozC1-20181122.mp3.txt,3,0.492399
airplayyk1-ZOq5ozC1-20181122.mp3.txt,2,0.208418
airplayyk1-ZOq5ozC1-20181122.mp3.txt,1,0.203449
airplayyk1-ZOq5ozC1-20181122.mp3.txt,5,0.077464
airplayyk1-ZOq5ozC1-20181122.mp3.txt,0,0.01827
2050_20170608_54364.mp3.txt,0,0.872701
2050_20170608_54364.mp3.txt,2,0.065757
2050_20170608_54364.mp3.txt,3,0.038323
2050_20170608_54364.mp3.txt,4,0.023218
2050-3qWkhA7S-20181122.mp3.txt,0,0.868503
2050-3qWkhA7S-20181122.mp3.txt,3,0.064988
2050-3qWkhA7S-20181122.mp3.txt,1,0.028424
2050-3qWkhA7S-20181122.mp3.txt,4,0.022176
2050-3qWkhA7S-20181122.mp3.txt,5,0.015909
calgwildrose-5LJ8Nt5r-20190110.mp3.txt,0,0.814611
calgwildrose-5LJ8Nt5r-20190110.mp3.txt,6,0.077695
calgwildrose-5LJ8Nt5r-20190110.mp3.txt,2,0.046721
calgwildrose-5LJ8Nt5r-20190110.mp3.txt,1,0.042579
calgwildrose-5LJ8Nt5r-20190110.mp3.txt,3,0.018394
ottallinaday-Z0DNUhz9-20181212.mp3.txt,4,0.648628
ottallinaday-Z0DNUhz9-20181212.mp3.txt,2,0.176744
ottallinaday-Z0DNUhz9-20181212.mp3.txt,0,0.095653
ottallinaday-Z0DNUhz9-20181212.mp3.txt,3,0.078975
calgwildrose-vE74jsja-20181210.mp3.txt,2,0.600416
calgwildrose-vE74jsja-20181210.mp3.txt,0,0.248761
calgwildrose-vE74jsja-20181210.mp3.txt,5,0.113281
calgwildrose-vE74jsja-20181210.mp3.txt,4,0.023127
calgwildrose-vE74jsja-20181210.mp3.txt,1,0.014416
ottallinaday-VfsfW1HG-20181219.mp3.txt,3,0.438527
ottallinaday-VfsfW1HG-20181219.mp3.txt,0,0.335765
ottallinaday-VfsfW1HG-20181219.mp3.txt,1,0.133065
ottallinaday-VfsfW1HG-20181219.mp3.txt,6,0.092642
calgwildrose-vBxgGcMX-20181123.mp3.txt,2,0.504278
calgwildrose-vBxgGcMX-20181123.mp3.txt,0,0.29267
calgwildrose-vBxgGcMX-20181123.mp3.txt,6,0.121906
calgwildrose-vBxgGcMX-20181123.mp3.txt,4,0.047942
calgwildrose-vBxgGcMX-20181123.mp3.txt,5,0.033205
calgwildrose-hBYJJfac-20181117.mp3.txt,0,0.67696
calgwildrose-hBYJJfac-20181117.mp3.txt,6,0.26688
calgwildrose-hBYJJfac-20181117.mp3.txt,5,0.036664
calgwildrose-hBYJJfac-20181117.mp3.txt,1,0.019496
calgwildrose-WrAj2BZu-20190129.mp3.txt,0,0.84526
calgwildrose-WrAj2BZu-20190129.mp3.txt,3,0.111806
calgwildrose-WrAj2BZu-20190129.mp3.txt,6,0.041681
calgwildrose-WrAj2BZu-20190129.mp3.txt,2,0.001253
calgwildrose-x5rwp9Cx-20190116.mp3.txt,0,0.838421
calgwildrose-x5rwp9Cx-20190116.mp3.txt,1,0.154193
calgwildrose-x5rwp9Cx-20190116.mp3.txt,3,0.007386
airplayyk1-cJdktsqY-20181002.mp3.txt,0,0.745491
airplayyk1-cJdktsqY-20181002.mp3.txt,3,0.223602
airplayyk1-cJdktsqY-20181002.mp3.txt,1,0.030907
calgwildrose-DCDi7du6-20181214.mp3.txt,0,0.955143
calgwildrose-DCDi7du6-20181214.mp3.txt,2,0.04295
calgwildrose-DCDi7du6-20181214.mp3.txt,1,0.001907
2050_20170608_68298.mp3.txt,0,0.848396
2050_20170608_68298.mp3.txt,3,0.079581
2050_20170608_68298.mp3.txt,4,0.046084
2050_20170608_68298.mp3.txt,1,0.020009
2050_20170608_68298.mp3.txt,5,0.00593
ottallinaday-Ejlec1QQ-20181115.mp3.txt,4,0.849417
ottallinaday-Ejlec1QQ-20181115.mp3.txt,6,0.121904
ottallinaday-Ejlec1QQ-20181115.mp3.txt,2,0.028679
airplayyk1-UBw3UAR4-20190131.mp3.txt,3,0.906188
airplayyk1-UBw3UAR4-20190131.mp3.txt,0,0.067421
airplayyk1-UBw3UAR4-20190131.mp3.txt,2,0.02142
airplayyk1-UBw3UAR4-20190131.mp3.txt,5,0.004972
calgwildrose-UieVjGZ8-20181114.mp3.txt,0,0.977621
calgwildrose-UieVjGZ8-20181114.mp3.txt,2,0.018346
calgwildrose-UieVjGZ8-20181114.mp3.txt,1,0.004033
ottallinaday-jhJF54Tc-20190118.mp3.txt,0,0.750629
ottallinaday-jhJF54Tc-20190118.mp3.txt,5,0.204067
ottallinaday-jhJF54Tc-20190118.mp3.txt,1,0.045304
2050_20170608_79050.mp3.txt,0,0.788122
2050_20170608_79050.mp3.txt,2,0.135896
2050_20170608_79050.mp3.txt,4,0.055518
2050_20170608_79050.mp3.txt,3,0.020464
calgwildrose-jK7wQlsB-20190117.mp3.txt,0,0.745439
calgwildrose-jK7wQlsB-20190117.mp3.txt,3,0.212954
calgwildrose-jK7wQlsB-20190117.mp3.txt,2,0.034244
calgwildrose-jK7wQlsB-20190117.mp3.txt,1,0.007364
calgwildrose-49RO37uM-20181211.mp3.txt,0,0.771
calgwildrose-49RO37uM-20181211.mp3.txt,6,0.14532
calgwildrose-49RO37uM-20181211.mp3.txt,5,0.072128
calgwildrose-49RO37uM-20181211.mp3.txt,2,0.011552
calgwildrose-9I4KBfs2-20181107.mp3.txt,0,0.941684
calgwildrose-9I4KBfs2-20181107.mp3.txt,1,0.030457
calgwildrose-9I4KBfs2-20181107.mp3.txt,3,0.02786
calgwildrose-L44aY2GG-20190111.mp3.txt,3,0.498223
calgwildrose-L44aY2GG-20190111.mp3.txt,0,0.475789
calgwildrose-L44aY2GG-20190111.mp3.txt,5,0.02253
calgwildrose-L44aY2GG-20190111.mp3.txt,1,0.003459
calgwildrose-OGFBsNFI-20190102.mp3.txt,0,0.516684
calgwildrose-OGFBsNFI-20190102.mp3.txt,3,0.378839
calgwildrose-OGFBsNFI-20190102.mp3.txt,5,0.093798
calgwildrose-OGFBsNFI-20190102.mp3.txt,1,0.010679
calgwildrose-MKj8Rhu4-20190103.mp3.txt,0,0.706569
calgwildrose-MKj8Rhu4-20190103.mp3.txt,3,0.261321
calgwildrose-MKj8Rhu4-20190103.mp3.txt,2,0.03211
calgwildrose-KDioWs40-20190107.mp3.txt,2,0.769655
calgwildrose-KDioWs40-20190107.mp3.txt,0,0.147239
calgwildrose-KDioWs40-20190107.mp3.txt,3,0.060989
calgwildrose-KDioWs40-20190107.mp3.txt,4,0.022116
calgwildrose-CxJB2jmI-20181212.mp3.txt,0,0.936027
calgwildrose-CxJB2jmI-20181212.mp3.txt,3,0.040354
calgwildrose-CxJB2jmI-20181212.mp3.txt,2,0.015364
calgwildrose-CxJB2jmI-20181212.mp3.txt,6,0.008255
ottallinaday-pQUstolE-20190103.mp3.txt,3,0.705757
ottallinaday-pQUstolE-20190103.mp3.txt,2,0.294243
ottallinaday-3eraKVNW-20190111.mp3.txt,5,0.689886
ottallinaday-3eraKVNW-20190111.mp3.txt,1,0.288342
ottallinaday-3eraKVNW-20190111.mp3.txt,0,0.021772
ottallinaday-CUe5Zb6V-20181205.mp3.txt,5,0.421562
ottallinaday-CUe5Zb6V-20181205.mp3.txt,1,0.334227
ottallinaday-CUe5Zb6V-20181205.mp3.txt,2,0.244212
calgwildrose-Ss94oqos-20181122.mp3.txt,0,0.531044
calgwildrose-Ss94oqos-20181122.mp3.txt,6,0.435127
calgwildrose-Ss94oqos-20181122.mp3.txt,5,0.030209
calgwildrose-Ss94oqos-20181122.mp3.txt,3,0.003619
ottallinaday-gxhK629f-20190117.mp3.txt,1,0.712638
ottallinaday-gxhK629f-20190117.mp3.txt,5,0.200562
ottallinaday-gxhK629f-20190117.mp3.txt,0,0.0868
calgwildrose-Oj6GL2x7-20181126.mp3.txt,0,0.949379
calgwildrose-Oj6GL2x7-20181126.mp3.txt,3,0.050621
ottallinaday-mQNT8ViT-20190114.mp3.txt,1,0.64059
ottallinaday-mQNT8ViT-20190114.mp3.txt,2,0.255028
ottallinaday-mQNT8ViT-20190114.mp3.txt,4,0.063899
ottallinaday-mQNT8ViT-20190114.mp3.txt,5,0.0259
ottallinaday-mQNT8ViT-20190114.mp3.txt,0,0.014583
ottallinaday-rNpvoA78-20190131.mp3.txt,4,0.878086
ottallinaday-rNpvoA78-20190131.mp3.txt,1,0.076743
ottallinaday-rNpvoA78-20190131.mp3.txt,5,0.045171
ottallinaday-XeA3f9yL-20181123.mp3.txt,3,0.762712
ottallinaday-XeA3f9yL-20181123.mp3.txt,4,0.125945
ottallinaday-XeA3f9yL-20181123.mp3.txt,0,0.066973
ottallinaday-XeA3f9yL-20181123.mp3.txt,5,0.04437
calgwildrose-BhwZe3GW-20190128.mp3.txt,6,0.39363
calgwildrose-BhwZe3GW-20190128.mp3.txt,0,0.393066
calgwildrose-BhwZe3GW-20190128.mp3.txt,3,0.089796
calgwildrose-BhwZe3GW-20190128.mp3.txt,5,0.087106
calgwildrose-BhwZe3GW-20190128.mp3.txt,2,0.024113
calgwildrose-BhwZe3GW-20190128.mp3.txt,4,0.01229
airplayyk1-tXX5DdU4-20181107.mp3.txt,3,0.774341
airplayyk1-tXX5DdU4-20181107.mp3.txt,2,0.217356
airplayyk1-tXX5DdU4-20181107.mp3.txt,0,0.008303
ottallinaday-stF4hpKd-20181221.mp3.txt,5,0.967336
ottallinaday-stF4hpKd-20181221.mp3.txt,0,0.032664
calgwildrose-UtwJF9EJ-20181224.mp3.txt,2,0.305413
calgwildrose-UtwJF9EJ-20181224.mp3.txt,0,0.249494
calgwildrose-UtwJF9EJ-20181224.mp3.txt,5,0.225819
calgwildrose-UtwJF9EJ-20181224.mp3.txt,4,0.2062
calgwildrose-UtwJF9EJ-20181224.mp3.txt,6,0.013074
calgwildrose-9e1mQhN4-20181203.mp3.txt,0,0.976257
calgwildrose-9e1mQhN4-20181203.mp3.txt,1,0.015751
calgwildrose-9e1mQhN4-20181203.mp3.txt,3,0.007992
ottallinaday-L2Xw8jUy-20190109.mp3.txt,3,0.820553
ottallinaday-L2Xw8jUy-20190109.mp3.txt,4,0.068262
ottallinaday-L2Xw8jUy-20190109.mp3.txt,5,0.062721
ottallinaday-L2Xw8jUy-20190109.mp3.txt,0,0.04374
ottallinaday-L2Xw8jUy-20190109.mp3.txt,2,0.004724
calgwildrose-tRpZoah4-20190108.mp3.txt,0,0.91973
calgwildrose-tRpZoah4-20190108.mp3.txt,3,0.070577
calgwildrose-tRpZoah4-20190108.mp3.txt,1,0.009693
ottallinaday-G57HDDuP-20181116.mp3.txt,3,0.718139
ottallinaday-G57HDDuP-20181116.mp3.txt,1,0.281861
ottallinaday-xOYbcSiJ-20181128.mp3.txt,3,0.684114
ottallinaday-xOYbcSiJ-20181128.mp3.txt,0,0.219015
ottallinaday-xOYbcSiJ-20181128.mp3.txt,1,0.096871
ottallinaday-JoLMaelL-20190130.mp3.txt,6,0.970378
ottallinaday-JoLMaelL-20190130.mp3.txt,3,0.018818
ottallinaday-JoLMaelL-20190130.mp3.txt,0,0.010804
ottallinaday-m1XZkSiA-20181121.mp3.txt,1,0.868428
ottallinaday-m1XZkSiA-20181121.mp3.txt,0,0.131572
calgwildrose-whbJih6D-20181108.mp3.txt,2,0.777824
calgwildrose-whbJih6D-20181108.mp3.txt,3,0.09205
calgwildrose-whbJih6D-20181108.mp3.txt,0,0.079895
calgwildrose-whbJih6D-20181108.mp3.txt,4,0.050232
ottallinaday-h2yKLKsg-20181203.mp3.txt,6,0.378725
ottallinaday-h2yKLKsg-20181203.mp3.txt,3,0.303088
ottallinaday-h2yKLKsg-20181203.mp3.txt,5,0.176575
ottallinaday-h2yKLKsg-20181203.mp3.txt,4,0.135651
ottallinaday-h2yKLKsg-20181203.mp3.txt,1,0.005962
calgwildrose-RQM7N5bT-20181106.mp3.txt,6,0.819677
calgwildrose-RQM7N5bT-20181106.mp3.txt,0,0.124753
calgwildrose-RQM7N5bT-20181106.mp3.txt,3,0.045373
calgwildrose-RQM7N5bT-20181106.mp3.txt,2,0.005874
calgwildrose-RQM7N5bT-20181106.mp3.txt,1,0.004324
ottallinaday-2xUDcMKm-20181122.mp3.txt,2,0.366637
ottallinaday-2xUDcMKm-20181122.mp3.txt,3,0.29931
ottallinaday-2xUDcMKm-20181122.mp3.txt,1,0.277838
ottallinaday-2xUDcMKm-20181122.mp3.txt,5,0.056215
calgwildrose-hHU8bNRX-20181204.mp3.txt,6,0.459382
calgwildrose-hHU8bNRX-20181204.mp3.txt,0,0.449039
calgwildrose-hHU8bNRX-20181204.mp3.txt,3,0.06919
calgwildrose-hHU8bNRX-20181204.mp3.txt,2,0.013193
calgwildrose-hHU8bNRX-20181204.mp3.txt,1,0.009196
calgwildrose-eLWT1Six-20181220.mp3.txt,2,0.651837
calgwildrose-eLWT1Six-20181220.mp3.txt,5,0.212233
calgwildrose-eLWT1Six-20181220.mp3.txt,0,0.109986
calgwildrose-eLWT1Six-20181220.mp3.txt,6,0.025944
airplayyk1-CSJNmcFm-20181010.mp3.txt,2,0.950004
airplayyk1-CSJNmcFm-20181010.mp3.txt,0,0.041733
airplayyk1-CSJNmcFm-20181010.mp3.txt,4,0.008262
calgwildrose-uCehxOZB-20190123.mp3.txt,6,0.500623
calgwildrose-uCehxOZB-20190123.mp3.txt,0,0.352697
calgwildrose-uCehxOZB-20190123.mp3.txt,5,0.075745
calgwildrose-uCehxOZB-20190123.mp3.txt,3,0.064958
calgwildrose-uCehxOZB-20190123.mp3.txt,2,0.005977
ottallinaday-P9Kb58Py-20190121.mp3.txt,3,0.504986
ottallinaday-P9Kb58Py-20190121.mp3.txt,1,0.367922
ottallinaday-P9Kb58Py-20190121.mp3.txt,5,0.127092
calgwildrose-6tQ929aW-20190124.mp3.txt,0,0.819247
calgwildrose-6tQ929aW-20190124.mp3.txt,3,0.162722
calgwildrose-6tQ929aW-20190124.mp3.txt,6,0.018032
ottallinaday-Jp05a789-20181129.mp3.txt,1,0.720408
ottallinaday-Jp05a789-20181129.mp3.txt,5,0.166205
ottallinaday-Jp05a789-20181129.mp3.txt,3,0.113388
ottallinaday-sboJyReM-20181227.mp3.txt,4,0.89108
ottallinaday-sboJyReM-20181227.mp3.txt,5,0.060327
ottallinaday-sboJyReM-20181227.mp3.txt,0,0.048593
ottallinaday-XzVcVp68-20190201.mp3.txt,1,0.491582
ottallinaday-XzVcVp68-20190201.mp3.txt,0,0.41876
ottallinaday-XzVcVp68-20190201.mp3.txt,3,0.059677
ottallinaday-XzVcVp68-20190201.mp3.txt,2,0.029981
ottallinaday-kRMWZacn-20181130.mp3.txt,4,0.900503
ottallinaday-kRMWZacn-20181130.mp3.txt,0,0.078052
ottallinaday-kRMWZacn-20181130.mp3.txt,1,0.021446
ottallinaday-xU77CFV5-20181228.mp3.txt,2,0.578082
ottallinaday-xU77CFV5-20181228.mp3.txt,4,0.224604
ottallinaday-xU77CFV5-20181228.mp3.txt,5,0.189407
ottallinaday-xU77CFV5-20181228.mp3.txt,1,0.007907
ottallinaday-GNgHUNuo-20181220.mp3.txt,3,0.909193
ottallinaday-GNgHUNuo-20181220.mp3.txt,5,0.060055
ottallinaday-GNgHUNuo-20181220.mp3.txt,1,0.025021
ottallinaday-GNgHUNuo-20181220.mp3.txt,2,0.005732
2050_20170608_99144.mp3.txt,0,0.839845
2050_20170608_99144.mp3.txt,3,0.087804
2050_20170608_99144.mp3.txt,4,0.028699
2050_20170608_99144.mp3.txt,2,0.023852
2050_20170608_99144.mp3.txt,6,0.015675
2050_20170608_99144.mp3.txt,5,0.004125
calgwildrose-UEDvaLJO-20181129.mp3.txt,5,0.360399
calgwildrose-UEDvaLJO-20181129.mp3.txt,2,0.296817
calgwildrose-UEDvaLJO-20181129.mp3.txt,0,0.199785
calgwildrose-UEDvaLJO-20181129.mp3.txt,6,0.142998
ottallinaday-7fPJN2Mg-20181218.mp3.txt,1,0.560864
ottallinaday-7fPJN2Mg-20181218.mp3.txt,0,0.426572
ottallinaday-7fPJN2Mg-20181218.mp3.txt,2,0.012564
calgwildrose-RbQP2ijv-20181129.mp3.txt,0,0.524254
calgwildrose-RbQP2ijv-20181129.mp3.txt,3,0.365167
calgwildrose-RbQP2ijv-20181129.mp3.txt,5,0.110579
calgwildrose-QvaHUzDa-20181221.mp3.txt,0,0.668735
calgwildrose-QvaHUzDa-20181221.mp3.txt,2,0.192152
calgwildrose-QvaHUzDa-20181221.mp3.txt,3,0.139114
calgwildrose-NJ0gjlPZ-20181210.mp3.txt,2,0.548412
calgwildrose-NJ0gjlPZ-20181210.mp3.txt,4,0.34063
calgwildrose-NJ0gjlPZ-20181210.mp3.txt,0,0.094012
calgwildrose-NJ0gjlPZ-20181210.mp3.txt,5,0.016945
calgwildrose-hcc2fmYU-20181112.mp3.txt,0,0.504668
calgwildrose-hcc2fmYU-20181112.mp3.txt,6,0.347515
calgwildrose-hcc2fmYU-20181112.mp3.txt,2,0.147817
calgwildrose-JgIYoVUI-20181213.mp3.txt,0,0.519478
calgwildrose-JgIYoVUI-20181213.mp3.txt,2,0.212604
calgwildrose-JgIYoVUI-20181213.mp3.txt,5,0.174579
calgwildrose-JgIYoVUI-20181213.mp3.txt,3,0.093339
calgwildrose-wULhtPRR-20190131.mp3.txt,0,0.913955
calgwildrose-wULhtPRR-20190131.mp3.txt,3,0.06724
calgwildrose-wULhtPRR-20190131.mp3.txt,2,0.018804
airplayyk1-SBVtzKbx-20181026.mp3.txt,4,0.905696
airplayyk1-SBVtzKbx-20181026.mp3.txt,3,0.064961
airplayyk1-SBVtzKbx-20181026.mp3.txt,2,0.029343
calgwildrose-woD3nKY3-20181121.mp3.txt,0,0.955697
calgwildrose-woD3nKY3-20181121.mp3.txt,1,0.033552
calgwildrose-woD3nKY3-20181121.mp3.txt,3,0.010751
calgwildrose-sEfTNmJd-20190125.mp3.txt,0,0.57182
calgwildrose-sEfTNmJd-20190125.mp3.txt,2,0.239108
calgwildrose-sEfTNmJd-20190125.mp3.txt,6,0.08712
calgwildrose-sEfTNmJd-20190125.mp3.txt,1,0.051326
calgwildrose-sEfTNmJd-20190125.mp3.txt,4,0.031948
calgwildrose-sEfTNmJd-20190125.mp3.txt,5,0.018678
calgwildrose-HTXo1c64-20181121.mp3.txt,0,0.845717
calgwildrose-HTXo1c64-20181121.mp3.txt,5,0.053317
calgwildrose-HTXo1c64-20181121.mp3.txt,6,0.05314
calgwildrose-HTXo1c64-20181121.mp3.txt,3,0.030063
calgwildrose-HTXo1c64-20181121.mp3.txt,1,0.017764
ottallinaday-FntqzsSP-20190110.mp3.txt,4,0.301026
ottallinaday-FntqzsSP-20190110.mp3.txt,5,0.275927
ottallinaday-FntqzsSP-20190110.mp3.txt,3,0.245625
ottallinaday-FntqzsSP-20190110.mp3.txt,1,0.177423
calgwildrose-SC6jcOE0-20181106.mp3.txt,2,0.458021
calgwildrose-SC6jcOE0-20181106.mp3.txt,0,0.305329
calgwildrose-SC6jcOE0-20181106.mp3.txt,3,0.205875
calgwildrose-SC6jcOE0-20181106.mp3.txt,6,0.014547
calgwildrose-SC6jcOE0-20181106.mp3.txt,4,0.010429
calgwildrose-SC6jcOE0-20181106.mp3.txt,1,0.005798
calgwildrose-e7mNI3yn-20190118.mp3.txt,0,0.535956
calgwildrose-e7mNI3yn-20190118.mp3.txt,2,0.219435
calgwildrose-e7mNI3yn-20190118.mp3.txt,3,0.178629
calgwildrose-e7mNI3yn-20190118.mp3.txt,5,0.037098
calgwildrose-e7mNI3yn-20190118.mp3.txt,4,0.028881
calgwildrose-Rpjqj1CV-20190114.mp3.txt,3,0.536739
calgwildrose-Rpjqj1CV-20190114.mp3.txt,0,0.379474
calgwildrose-Rpjqj1CV-20190114.mp3.txt,5,0.055688
calgwildrose-Rpjqj1CV-20190114.mp3.txt,2,0.020187
calgwildrose-Rpjqj1CV-20190114.mp3.txt,1,0.007911
airplayyk1-p8wChbFz-20181206.mp3.txt,3,0.94933
airplayyk1-p8wChbFz-20181206.mp3.txt,5,0.022577
airplayyk1-p8wChbFz-20181206.mp3.txt,4,0.017763
airplayyk1-p8wChbFz-20181206.mp3.txt,0,0.01033
calgwildrose-QRYvOZg6-20190122.mp3.txt,0,0.953333
calgwildrose-QRYvOZg6-20190122.mp3.txt,1,0.029486
calgwildrose-QRYvOZg6-20190122.mp3.txt,3,0.011085
calgwildrose-QRYvOZg6-20190122.mp3.txt,6,0.006096
calgwildrose-Ze1Qim68-20181130.mp3.txt,0,0.604463
calgwildrose-Ze1Qim68-20181130.mp3.txt,3,0.382098
calgwildrose-Ze1Qim68-20181130.mp3.txt,5,0.008861
calgwildrose-Ze1Qim68-20181130.mp3.txt,1,0.004578
ottallinaday-gqsGEaKs-20181224.mp3.txt,5,1.0
2050_20170608_55493.mp3.txt,0,0.816853
2050_20170608_55493.mp3.txt,2,0.119843
2050_20170608_55493.mp3.txt,4,0.048649
2050_20170608_55493.mp3.txt,5,0.012163
2050_20170608_55493.mp3.txt,3,0.002492
calgwildrose-OIapqJsp-20190111.mp3.txt,0,0.735314
calgwildrose-OIapqJsp-20190111.mp3.txt,6,0.13271
calgwildrose-OIapqJsp-20190111.mp3.txt,3,0.063144
calgwildrose-OIapqJsp-20190111.mp3.txt,5,0.053606
calgwildrose-OIapqJsp-20190111.mp3.txt,1,0.015225
calgwildrose-62KEPLGP-20181217.mp3.txt,0,0.683359
calgwildrose-62KEPLGP-20181217.mp3.txt,3,0.283441
calgwildrose-62KEPLGP-20181217.mp3.txt,2,0.022559
calgwildrose-62KEPLGP-20181217.mp3.txt,5,0.010641
